from_url,to_url,anchor_text,link_type
/what-makes-ips-best-bangladesh/,/sher-aips-company-bangladesh/,সেরা আইপিএস কোম্পানি সম্পর্কে জানুন,down
/what-makes-ips-best-bangladesh/,/best-lithium-ips-bangladesh/,সেরা লিথিয়াম আইপিএস মডেল,down
/what-makes-ips-best-bangladesh/,/best-portable-ips-bangladesh/,পোর্টেবল আইপিএস কিনতে চাইলে,down
/what-makes-ips-best-bangladesh/,/intelligent-ips-smart-features-bangladesh/,ইন্টেলিজেন্ট আইপিএস ফিচার,down
/what-makes-ips-best-bangladesh/,/how-to-choose-ips-for-home-bangladesh/,ঘরের জন্য IPS নির্বাচন গাইড,down
/what-makes-ips-best-bangladesh/,/50-hazar-takar-ips-bangladesh/,৫০ হাজার টাকার আইপিএস অপশন,down
/what-makes-ips-best-bangladesh/,/ips-price-in-bangladesh/,IPS এর দাম তালিকা,horizontal
/what-makes-ips-best-bangladesh/,/what-can-lithium-ips-run-during-load-shedding/,লোডশেডিংয়ে আইপিএস ব্যাকআপ,horizontal
/what-makes-ips-best-bangladesh/,/best-ips-in-bangladesh/,সেরা আইপিএস ব্র্যান্ড বাংলাদেশ,money
/sher-aips-company-bangladesh/,/what-makes-ips-best-bangladesh/,একটি আদর্শ আইপিএস-এর বৈশিষ্ট্য,up
/sher-aips-company-bangladesh/,/best-ips-in-bangladesh/,সেরা আইপিএস ব্র্যান্ড,money
/sher-aips-company-bangladesh/,/best-lithium-ips-bangladesh/,লিথিয়াম আইপিএস মূল্য,sibling
/best-lithium-ips-bangladesh/,/what-makes-ips-best-bangladesh/,ভালো আইপিএস-এর বৈশিষ্ট্য,horizontal
/best-lithium-ips-bangladesh/,/lithium-battery-vs-tubular-battery-ips-bangladesh/,লিথিয়াম বনাম টিউবুলার ব্যাটারি তুলনা,down
/best-lithium-ips-bangladesh/,/lifepo-vs-tubular-battery-in-bangladesh/,LiFePO₄ বনাম টিউবুলার খরচ তুলনা,down
/best-lithium-ips-bangladesh/,/portable-power-station-vs-traditional-ips-bangladesh/,পোর্টেবল বনাম ট্র্যাডিশনাল আইপিএস,down
/best-lithium-ips-bangladesh/,/lithium-ips-vs-generator-bangladesh/,লিথিয়াম আইপিএস বনাম জেনারেটর,down
/best-lithium-ips-bangladesh/,/best-lithium-battery-for-ips-in-bangladesh/,সেরা লিথিয়াম ব্যাটারি গাইড,down
/best-lithium-ips-bangladesh/,/ips-price-in-bangladesh/,IPS দামের তালিকা,horizontal
/best-lithium-ips-bangladesh/,/best-portable-ips-bangladesh/,পোর্টেবল আইপিএস অপশন,sibling
/best-lithium-ips-bangladesh/,/best-ips-in-bangladesh/,সেরা আইপিএস ব্র্যান্ড,money
/best-lithium-ips-bangladesh/,/shop/,HiTHIUM লিথিয়াম আইপিএস কিনুন,money
/best-portable-ips-bangladesh/,/what-makes-ips-best-bangladesh/,কীভাবে সেরা আইপিএস চিহ্নিত করবেন,up
/best-portable-ips-bangladesh/,/intelligent-ips-smart-features-bangladesh/,ইন্টেলিজেন্ট আইপিএস ফিচার,sibling
/best-portable-ips-bangladesh/,/best-lithium-ips-bangladesh/,সেরা লিথিয়াম আইপিএস,sibling
/best-portable-ips-bangladesh/,/shop/,পোর্টেবল আইপিএস কিনুন,money
/intelligent-ips-smart-features-bangladesh/,/what-makes-ips-best-bangladesh/,ভালো আইপিএস-এর বৈশিষ্ট্য,up
/intelligent-ips-smart-features-bangladesh/,/best-portable-ips-bangladesh/,পোর্টেবল আইপিএস,sibling
/intelligent-ips-smart-features-bangladesh/,/how-to-choose-ips-for-home-bangladesh/,ঘরের জন্য আইপিএস নির্বাচন,sibling
/intelligent-ips-smart-features-bangladesh/,/shop/,ইন্টেলিজেন্ট আইপিএস কিনুন,money
/how-to-choose-ips-for-home-bangladesh/,/what-makes-ips-best-bangladesh/,সেরা আইপিএস নির্ধারণের মানদণ্ড,up
/how-to-choose-ips-for-home-bangladesh/,/best-portable-ips-bangladesh/,পোর্টেবল আইপিএস অপশন,sibling
/how-to-choose-ips-for-home-bangladesh/,/50-hazar-takar-ips-bangladesh/,৫০ হাজার টাকার আইপিএস,sibling
/how-to-choose-ips-for-home-bangladesh/,/best-ips-in-bangladesh/,সেরা আইপিএস ব্র্যান্ড বাংলাদেশ,money
/50-hazar-takar-ips-bangladesh/,/what-makes-ips-best-bangladesh/,কীভাবে সেরা আইপিএস চয়েস করবেন,up_c1
/50-hazar-takar-ips-bangladesh/,/ips-price-in-bangladesh/,IPS দাম ২০২৬,up_c3
/50-hazar-takar-ips-bangladesh/,/best-ips-in-bangladesh/,সেরা আইপিএস ব্র্যান্ড,money
/lithium-battery-vs-tubular-battery-ips-bangladesh/,/best-lithium-ips-bangladesh/,লিথিয়াম আইপিএস গাইড,up
/lithium-battery-vs-tubular-battery-ips-bangladesh/,/lifepo-vs-tubular-battery-in-bangladesh/,LiFePO₄ বনাম টিউবুলার খরচ,sibling
/lithium-battery-vs-tubular-battery-ips-bangladesh/,/best-lithium-battery-for-ips-in-bangladesh/,সেরা লিথিয়াম ব্যাটারি গাইড,sibling
/lithium-battery-vs-tubular-battery-ips-bangladesh/,/shop/,লিথিয়াম ব্যাটারি কিনুন,money
/lifepo-vs-tubular-battery-in-bangladesh/,/best-lithium-ips-bangladesh/,Best Lithium IPS in Bangladesh,up
/lifepo-vs-tubular-battery-in-bangladesh/,/lithium-battery-vs-tubular-battery-ips-bangladesh/,লিথিয়াম বনাম টিউবুলার ব্যাটারি,sibling
/lifepo-vs-tubular-battery-in-bangladesh/,/best-lithium-battery-for-ips-in-bangladesh/,সেরা লিথিয়াম ব্যাটারি,sibling
/lifepo-vs-tubular-battery-in-bangladesh/,/ips-battery-price-in-bangladesh/,ব্যাটারির দাম ২০২৬,money
/portable-power-station-vs-traditional-ips-bangladesh/,/best-lithium-ips-bangladesh/,সেরা লিথিয়াম আইপিএস,up
/portable-power-station-vs-traditional-ips-bangladesh/,/best-portable-ips-bangladesh/,সেরা পোর্টেবল আইপিএস,sibling
/portable-power-station-vs-traditional-ips-bangladesh/,/portable-power-station-price-in-bangladesh/,পোর্টেবল পাওয়ার স্টেশনের দাম,sibling
/lithium-ips-vs-generator-bangladesh/,/best-lithium-ips-bangladesh/,লিথিয়াম আইপিএস-এর সুবিধা,up
/lithium-ips-vs-generator-bangladesh/,/what-can-lithium-ips-run-during-load-shedding/,লোডশেডিংয়ে আইপিএস ব্যাকআপ,sibling
/lithium-ips-vs-generator-bangladesh/,/shop/,আইপিএস কিনুন,money
/best-lithium-battery-for-ips-in-bangladesh/,/best-lithium-ips-bangladesh/,সেরা লিথিয়াম আইপিএস,up_c2
/best-lithium-battery-for-ips-in-bangladesh/,/ips-price-in-bangladesh/,আইপিএস দাম ২০২৬,up_c3
/best-lithium-battery-for-ips-in-bangladesh/,/lithium-battery-vs-tubular-battery-ips-bangladesh/,লিথিয়াম বনাম টিউবুলার,sibling
/best-lithium-battery-for-ips-in-bangladesh/,/ips-battery-price-in-bangladesh/,ব্যাটারির দাম তালিকা,sibling
/best-lithium-battery-for-ips-in-bangladesh/,/shop/,লিথিয়াম ব্যাটারি কিনুন,money
/ips-price-in-bangladesh/,/what-makes-ips-best-bangladesh/,সেরা আইপিএস নির্বাচন গাইড,horizontal
/ips-price-in-bangladesh/,/best-lithium-ips-bangladesh/,লিথিয়াম আইপিএস দাম,horizontal
/ips-price-in-bangladesh/,/ips-battery-price-in-bangladesh/,ব্যাটারির দাম ২০২৬,down
/ips-price-in-bangladesh/,/portable-power-station-price-in-bangladesh/,পোর্টেবল পাওয়ার স্টেশন দাম,down
/ips-price-in-bangladesh/,/50-hazar-takar-ips-bangladesh/,৫০ হাজার টাকার আইপিএস,down
/ips-price-in-bangladesh/,/best-lithium-battery-for-ips-in-bangladesh/,লিথিয়াম ব্যাটারির দাম,down
/ips-price-in-bangladesh/,/what-can-lithium-ips-run-during-load-shedding/,লোডশেডিং ব্যাকআপ সময়,horizontal
/ips-price-in-bangladesh/,/shop/,সকল আইপিএস মডেল দেখুন,money
/ips-battery-price-in-bangladesh/,/ips-price-in-bangladesh/,আইপিএস দাম তালিকা,up
/ips-battery-price-in-bangladesh/,/best-lithium-battery-for-ips-in-bangladesh/,সেরা লিথিয়াম ব্যাটারি,sibling
/ips-battery-price-in-bangladesh/,/lithium-battery-vs-tubular-battery-ips-bangladesh/,লিথিয়াম বনাম টিউবুলার,sibling
/ips-battery-price-in-bangladesh/,/shop/,ব্যাটারি কিনুন,money
/portable-power-station-price-in-bangladesh/,/ips-price-in-bangladesh/,আইপিএস দাম ২০২৬,up
/portable-power-station-price-in-bangladesh/,/best-portable-ips-bangladesh/,সেরা পোর্টেবল আইপিএস,sibling
/portable-power-station-price-in-bangladesh/,/portable-power-station-vs-traditional-ips-bangladesh/,পোর্টেবল বনাম ট্র্যাডিশনাল,sibling
/portable-power-station-price-in-bangladesh/,/shop/,পাওয়ার স্টেশন কিনুন,money
/what-can-lithium-ips-run-during-load-shedding/,/what-makes-ips-best-bangladesh/,কীভাবে সেরা আইপিএস চয়েস করবেন,horizontal
/what-can-lithium-ips-run-during-load-shedding/,/ips-price-in-bangladesh/,আইপিএস দাম,horizontal
/what-can-lithium-ips-run-during-load-shedding/,/lithium-ips-runtime-load-shedding-dhaka/,ঢাকায় লিথিয়াম আইপিএস রানটাইম,down
/what-can-lithium-ips-run-during-load-shedding/,/solar-ips-bangladesh/,সোলার আইপিএস গাইড,down
/what-can-lithium-ips-run-during-load-shedding/,/lithium-ips-maintenance-guide-bangladesh/,লিথিয়াম আইপিএস মেইনটেন্যান্স,down
/what-can-lithium-ips-run-during-load-shedding/,/best-lithium-ips-bangladesh/,সেরা লিথিয়াম আইপিএস মডেল,horizontal
/what-can-lithium-ips-run-during-load-shedding/,/shop/,আইপিএস কিনুন,money
/lithium-ips-runtime-load-shedding-dhaka/,/what-can-lithium-ips-run-during-load-shedding/,লিথিয়াম আইপিএস ব্যাকআপ সময়,up
/lithium-ips-runtime-load-shedding-dhaka/,/best-lithium-ips-bangladesh/,সেরা লিথিয়াম আইপিএস,sibling
/lithium-ips-runtime-load-shedding-dhaka/,/lithium-ips-vs-generator-bangladesh/,আইপিএস বনাম জেনারেটর,sibling
/lithium-ips-runtime-load-shedding-dhaka/,/shop/,লিথিয়াম আইপিএস কিনুন,money
/lithium-ips-maintenance-guide-bangladesh/,/what-can-lithium-ips-run-during-load-shedding/,লিথিয়াম আইপিএস ব্যাকআপ,up
/lithium-ips-maintenance-guide-bangladesh/,/how-to-choose-ips-for-home-bangladesh/,আইপিএস নির্বাচন গাইড,sibling
/lithium-ips-maintenance-guide-bangladesh/,/solar-ips-bangladesh/,সোলার আইপিএস,sibling
/lithium-ips-maintenance-guide-bangladesh/,/best-lithium-ips-bangladesh/,লিথিয়াম আইপিএস,sibling
/solar-ips-bangladesh/,/what-can-lithium-ips-run-during-load-shedding/,লিথিয়াম আইপিএস ব্যাকআপ,up
/solar-ips-bangladesh/,/lithium-ips-maintenance-guide-bangladesh/,লিথিয়াম আইপিএস মেইনটেন্যান্স,sibling
/solar-ips-bangladesh/,/best-lithium-ips-bangladesh/,লিথিয়াম আইপিএস,sibling
/solar-ips-bangladesh/,/shop/,সলার আইপিএস কিনুন,money
