url,status,checked_date
/what-makes-ips-best-bangladesh/,200,2026-06-25
/sher-aips-company-bangladesh/,200,2026-06-25
/best-lithium-ips-bangladesh/,200,2026-06-25
/best-portable-ips-bangladesh/,200,2026-06-25
/intelligent-ips-smart-features-bangladesh/,200,2026-06-25
/how-to-choose-ips-for-home-bangladesh/,200,2026-06-25
/50-hazar-takar-ips-bangladesh/,200,2026-06-25
/lithium-battery-vs-tubular-battery-ips-bangladesh/,200,2026-06-25
/lifepo-vs-tubular-battery-in-bangladesh/,200,2026-06-25
/portable-power-station-vs-traditional-ips-bangladesh/,200,2026-06-25
/lithium-ips-vs-generator-bangladesh/,200,2026-06-25
/best-lithium-battery-for-ips-in-bangladesh/,200,2026-06-25
/ips-price-in-bangladesh/,200,2026-06-25
/ips-battery-price-in-bangladesh/,200,2026-06-25
/portable-power-station-price-in-bangladesh/,200,2026-06-25
/what-can-lithium-ips-run-during-load-shedding/,200,2026-06-25
/lithium-ips-runtime-load-shedding-dhaka/,200,2026-06-25
/lithium-ips-maintenance-guide-bangladesh/,200,2026-06-25
/solar-ips-bangladesh/,200,2026-06-25
/best-ips-in-bangladesh/,200,2026-06-25
/shop/,200,2026-06-25
