keyword,target_page,position,clicks,impressions,ctr,date,prev_position,change
best ips,/what-makes-ips-best-bangladesh/,6.6,0,20,0.0000,2026-07-13,8.9,UP 2.3
best ips brand in bangladesh,/best-ips-in-bangladesh/,4.3,17,111,0.1532,2026-07-13,4.2,STABLE
best portable ips,/best-portable-ips-bangladesh/,-,8,50,-,2026-07-13,-,NO_DATA_EXACT
intelligent ips,/intelligent-ips-smart-features-bangladesh/,-,0,0,-,2026-07-13,-,NO_DATA
lithium battery,/best-lithium-battery-for-ips-in-bangladesh/,7.9,1,21,0.0476,2026-07-13,8.5,UP 0.6
lithium ips,/best-lithium-ips-bangladesh/,4.4,2,37,0.0541,2026-07-13,5.2,UP 0.8
top ips brand,/best-ips-in-bangladesh/,-,1,21,-,2026-07-13,-,NO_DATA_EXACT
সেরা আইপিএস কোম্পানি,/sher-aips-company-bangladesh/,-,0,0,-,2026-07-13,-,NO_DATA
৫০ হাজার টাকায় ভালো আই পি এস,/50-hazar-takar-ips-bangladesh/,-,0,0,-,2026-07-13,-,NO_DATA
