keyword,target_page,position,clicks,impressions,ctr,date
best ips,/what-makes-ips-best-bangladesh/,-,0,0,-,2026-07-06
best ips brand in bangladesh,/best-ips-in-bangladesh/,7.1,1,16,0.0625,2026-07-06
best portable ips,/best-portable-ips-bangladesh/,-,0,0,-,2026-07-06
intelligent ips,/intelligent-ips-smart-features-bangladesh/,-,0,0,-,2026-07-06
lithium battery,/best-lithium-battery-for-ips-in-bangladesh/,8.5,1,19,0.0526,2026-07-06
lithium ips,/best-lithium-ips-bangladesh/,5.3,1,25,0.0400,2026-07-06
top ips brand,/best-ips-in-bangladesh/,-,0,0,-,2026-07-06
সেরা আইপিএস কোম্পানি,/sher-aips-company-bangladesh/,-,0,0,-,2026-07-06
৫০ হাজার টাকায় ভালো আই পি এস,/50-hazar-takar-ips-bangladesh/,-,0,0,-,2026-07-06
